标题,案号,裁判日期,案件类别,案由,经办法院,内容,审判程序,省级行政区,法院层级,LLM拼接内容,类型,详情链接,相似度评分,ID
"某医疗器械公司与某公司专利权侵权纠纷调解案
“五步工作法”化解系列知识产权侵权纠纷",,,民事案件,"['知识产权与竞争纠纷', '专利权权属、侵权纠纷', '知识产权权属、侵权纠纷']",最高人民法院,"基本案情：某医疗器械公司拥有一项医疗器械类实用新型专利，发现多地电商平台店铺销售涉嫌侵权产品，生产者为某公司，遂将某公司及相关电商平台诉至多地法院，形成22件系列案件。
处理方式方法：法院经当事人同意后，通过人民法院调解平台将案件委派知识产权纠纷调委会调解。调委会针对涉案专利专业性强及多地涉诉特点，实施“五步工作法”：1. 确认双方主体资格合法；2. 核实医疗器械公司提供的原始及补充证据；3. 会同知识产权保护中心召开技术论证会，依据全面覆盖原则、等同原则比对被诉侵权产品与涉案专利技术特征，确定争议焦点为某公司是否侵权及赔偿金额。针对焦点一，调解员释法并现场比对技术特征，使某公司认识到行为涉嫌侵权，其表示愿停止侵权并配合调解，但认为赔偿数额过高；针对焦点二，调解员告知医疗器械公司证据关联性存在问题，或无法满足全部诉求，建议降低赔偿预期，并结合相似判例说明赔偿金额区间。
处理结果：双方和解达成调解协议，医疗器械公司收到赔偿款后申请撤诉。
处理方式方法：专利纠纷案件专业性强且常涉及系列案件，处理不当易引发深层次问题。本案依托最高人民法院与国家知识产权局建立的知识产权纠纷“总对总”在线诉调对接机制，运用“核实资格、围绕证据、针对焦点、结合判例、说法论理”的调解方法，一次性解决多地法院系列纠纷，实现“一地调解多地撤诉”的乘数效应，体现了“总对总”机制高效、专业化解知识产权纠纷的巨大优势。",,最高,,"null##基本案情：某医疗器械公司拥有一项医疗器械类实用新型专利，发现多地电商平台店铺销售涉嫌侵权产品，生产者为某公司，遂将某公司及相关电商平台诉至多地法院，形成22件系列案件。
处理方式方法：法院经当事人同意后，通过人民法院调解平台将案件委派知识产权纠纷调委会调解。调委会针对涉案专利专业性强及多地涉诉特点，实施“五步工作法”：1. 确认双方主体资格合法；2. 核实医疗器械公司提供的原始及补充证据；3. 会同知识产权保护中心召开技术论证会，依据全面覆盖原则、等同原则比对被诉侵权产品与涉案专利技术特征，确定争议焦点为某公司是否侵权及赔偿金额。针对焦点一，调解员释法并现场比对技术特征，使某公司认识到行为涉嫌侵权，其表示愿停止侵权并配合调解，但认为赔偿数额过高；针对焦点二，调解员告知医疗器械公司证据关联性存在问题，或无法满足全部诉求，建议降低赔偿预期，并结合相似判例说明赔偿金额区间。
处理结果：双方和解达成调解协议，医疗器械公司收到赔偿款后申请撤诉。
处理方式方法：专利纠纷案件专业性强且常涉及系列案件，处理不当易引发深层次问题。本案依托最高人民法院与国家知识产权局建立的知识产权纠纷“总对总”在线诉调对接机制，运用“核实资格、围绕证据、针对焦点、结合判例、说法论理”的调解方法，一次性解决多地法院系列纠纷，实现“一地调解多地撤诉”的乘数效应，体现了“总对总”机制高效、专业化解知识产权纠纷的巨大优势。",解纷案例,https://ydzk.chineselaw.com/ydzk/caseDetail/qwcase/b50d377200c94148a6ec49d324855641,6.7390203,b50d377200c94148a6ec49d324855641
"某电子商贸公司与某服饰店著作权侵权纠纷调解案
人民调解高效化解图片侵权纠纷",,,民事案件,"['著作权权属、侵权纠纷', '知识产权与竞争纠纷', '知识产权权属、侵权纠纷']",乌兰浩特市人民法院,"基本案情：某服饰店在购物平台网络店铺的服饰商品详情中展示25张模特服装展示图，某电子商贸公司主张对上述摄影作品享有著作权，认为某服饰店未经许可使用构成侵权，诉请停止侵权、赔礼道歉、赔偿损失。
裁判分析：争议焦点为摄影作品的著作权归属及某服饰店是否实施侵权行为。某电子商贸公司注册了涉案所有摄影作品并享有著作权，其权益受法律保护；某服饰店未经授权在网络上公开使用服装展示图的行为侵犯了某电子商贸公司的著作权。
处理结果：双方当事人达成调解协议，某服饰店一次性给付某电子商贸公司经济损失3000元。
处理方式方法：法院考虑案件标的额不大且当事人有调解可能，征得同意后委托人民调解员先行调解。调解员了解案情并学习网店经营新业态“新规则”，通过与双方沟通明确争议焦点，开展“背对背”调解。向某服饰店讲解法律规定，结合类似案例分析诉讼与调解利弊，引导其协商解决；引导某电子商贸公司结合实际经济损失提出合理补偿请求。最后组织“面对面”调解，促成双方就赔偿金额达成一致。
处理方式方法：本案系网络店铺未经许可使用他人摄影作品引发的著作权侵权纠纷。人民调解员充分发挥专业优势，准确判断著作权权属和侵权事实，并开展“背对背”“面对面”调解，向双方当事人释法明理。对于侵权人释明法律规定，结合类似判例告知其案件走向，分析调解的优点，释明诉讼费用及流程，让当事人在经过衡量比较后积极主动配合调解工作；对于被侵权人耐心引导其在合理范围内索赔；最终促成双方达成一致意见，高效化解纠纷。",,内蒙古,,"null##基本案情：某服饰店在购物平台网络店铺的服饰商品详情中展示25张模特服装展示图，某电子商贸公司主张对上述摄影作品享有著作权，认为某服饰店未经许可使用构成侵权，诉请停止侵权、赔礼道歉、赔偿损失。
裁判分析：争议焦点为摄影作品的著作权归属及某服饰店是否实施侵权行为。某电子商贸公司注册了涉案所有摄影作品并享有著作权，其权益受法律保护；某服饰店未经授权在网络上公开使用服装展示图的行为侵犯了某电子商贸公司的著作权。
处理结果：双方当事人达成调解协议，某服饰店一次性给付某电子商贸公司经济损失3000元。
处理方式方法：法院考虑案件标的额不大且当事人有调解可能，征得同意后委托人民调解员先行调解。调解员了解案情并学习网店经营新业态“新规则”，通过与双方沟通明确争议焦点，开展“背对背”调解。向某服饰店讲解法律规定，结合类似案例分析诉讼与调解利弊，引导其协商解决；引导某电子商贸公司结合实际经济损失提出合理补偿请求。最后组织“面对面”调解，促成双方就赔偿金额达成一致。
处理方式方法：本案系网络店铺未经许可使用他人摄影作品引发的著作权侵权纠纷。人民调解员充分发挥专业优势，准确判断著作权权属和侵权事实，并开展“背对背”“面对面”调解，向双方当事人释法明理。对于侵权人释明法律规定，结合类似判例告知其案件走向，分析调解的优点，释明诉讼费用及流程，让当事人在经过衡量比较后积极主动配合调解工作；对于被侵权人耐心引导其在合理范围内索赔；最终促成双方达成一致意见，高效化解纠纷。",解纷案例,https://ydzk.chineselaw.com/ydzk/caseDetail/qwcase/e722d044987940e1baac7e798e9a46e6,6.649946,e722d044987940e1baac7e798e9a46e6
"某医药公司与多家网店商标侵权纠纷调解案
“四步工作法”化解商标侵权纠纷",,,民事案件,"['知识产权与竞争纠纷', '知识产权权属、侵权纠纷', '商标权权属、侵权纠纷']",万载县人民法院,"基本案情：某医药公司发现某电商平台多家网店将其拥有的驰名商标设置为检索关键词引流，且在商品名称、展示及详情中盗用其品牌药品外包装图片进行虚假宣传，实际销售其他品牌药品，遂提起13起诉讼主张商标侵权及不正当竞争，要求停止侵权并赔偿损失及合理维权费用。
处理方式方法：法院依托跨区域知识产权协同保护机制，启动府院联动机制，通过“四步工作法”化解纠纷。一是府院协同，构建专业解纷矩阵，委托市场监管部门先行调解，组建“四合一”复合型调解团队。二是云上取证，破解电子证据难题，采用线上源头取证，调取并剔除“刷单”数据获取真实销售数据，指导某医药公司实时固证形成完整证据链。三是分层析理，厘定侵权责任边界，调解团队研究调解难点，法院指派法官提供法律指导。四是普法疏导，确定纠纷调解方案，向网店经营者释明行为构成侵权及不正当竞争，促成双方和解并当场履行，侵权网店刊登道歉声明。
处理结果：某医药公司与网店均达成调解协议，13件纠纷全部成功调解，其中3件为双方参照示范调解自行达成和解协议，网店赔偿某医药公司损失共计47.8万余元，已履行完毕，侵权店铺已全部整改。
处理方式方法：本案系中医药领域跨区域府院联动化解商标侵权系列纠纷的典型案例。本案中，针对中医药行业知识产权纠纷专业性程度较高的特点，通过“法院+行政主管部门+行业协会”联合化解，充分发挥行政主管部门监管职能和行业协会调解优势，凝聚纠纷化解合力，提高解纷效率。调解过程中，针对中医药领域网络侵权“发现难、固证难、赔偿低”痛点，市场监管部门通过“行政机关源头取证+平台数据协查”固定证据链，为后续协商奠定事实基础。同时，通过示范调解，促使纠纷批量化解。调解成功后，通过“赔偿损失+店铺整改+行业通报”组合拳，修复驰名商标品牌声誉，实现“调解一案、治理一域”效果，助力维护市场公平竞争秩序。",,江西,,"null##基本案情：某医药公司发现某电商平台多家网店将其拥有的驰名商标设置为检索关键词引流，且在商品名称、展示及详情中盗用其品牌药品外包装图片进行虚假宣传，实际销售其他品牌药品，遂提起13起诉讼主张商标侵权及不正当竞争，要求停止侵权并赔偿损失及合理维权费用。
处理方式方法：法院依托跨区域知识产权协同保护机制，启动府院联动机制，通过“四步工作法”化解纠纷。一是府院协同，构建专业解纷矩阵，委托市场监管部门先行调解，组建“四合一”复合型调解团队。二是云上取证，破解电子证据难题，采用线上源头取证，调取并剔除“刷单”数据获取真实销售数据，指导某医药公司实时固证形成完整证据链。三是分层析理，厘定侵权责任边界，调解团队研究调解难点，法院指派法官提供法律指导。四是普法疏导，确定纠纷调解方案，向网店经营者释明行为构成侵权及不正当竞争，促成双方和解并当场履行，侵权网店刊登道歉声明。
处理结果：某医药公司与网店均达成调解协议，13件纠纷全部成功调解，其中3件为双方参照示范调解自行达成和解协议，网店赔偿某医药公司损失共计47.8万余元，已履行完毕，侵权店铺已全部整改。
处理方式方法：本案系中医药领域跨区域府院联动化解商标侵权系列纠纷的典型案例。本案中，针对中医药行业知识产权纠纷专业性程度较高的特点，通过“法院+行政主管部门+行业协会”联合化解，充分发挥行政主管部门监管职能和行业协会调解优势，凝聚纠纷化解合力，提高解纷效率。调解过程中，针对中医药领域网络侵权“发现难、固证难、赔偿低”痛点，市场监管部门通过“行政机关源头取证+平台数据协查”固定证据链，为后续协商奠定事实基础。同时，通过示范调解，促使纠纷批量化解。调解成功后，通过“赔偿损失+店铺整改+行业通报”组合拳，修复驰名商标品牌声誉，实现“调解一案、治理一域”效果，助力维护市场公平竞争秩序。",解纷案例,https://ydzk.chineselaw.com/ydzk/caseDetail/qwcase/d3cd2e139e70421599889c71c4b9a034,6.6324,d3cd2e139e70421599889c71c4b9a034
"王某与某工艺厂外观设计专利侵权纠纷调解案
行业调解组织参与化解外观设计专利侵权纠纷",,,民事案件,"['知识产权与竞争纠纷', '专利权权属、侵权纠纷', '知识产权权属、侵权纠纷']",湖南省岳阳市中级人民法院,"基本案情：王某发现某工艺厂在某网站店铺销售含有其外观设计专利的摆件，认为侵害其专利权，诉至法院要求赔偿经济损失。
处理方式方法：法院经双方同意委托知识产权调解委员会先行调解。调解员了解到某工艺厂对侵权无异议但经营困难，王某愿意授权专利使用，遂制定“三步走”合作共赢调解方案：一是争取信任，向双方介绍相关法规政策及自身经历，了解赔偿与授权费用预期；二是搭建平台，介绍双方经营及工作情况，“背对背”促成合作经营共识；三是促推合作，推动双方面对面商谈细节。
处理结果：双方达成合作协议，王某授权某工艺厂销售相关商品，某工艺厂支付专利使用费，王某不再追究侵权责任。
处理方式方法：本案系违法销售未经授权的外观设计专利产品而引发的侵权纠纷。对于此类纠纷，以对话弥合分歧，以合作化解争端，通过调解方式缓和矛盾、搭建平台，对于实质化解纠纷，助力优化营商环境具有积极意义。本案中，调解员跳出单纯的定分止争思维，根据实际情况，发现双方合作需求，并推进一揽子化解工作：一方面，详细了解纠纷的来龙去脉，认真倾听双方意见，站在双方立场思考和沟通，取得双方理解与信任，为纠纷化解打下良好基础。另一方面，借助人民法院调解平台功能，促成当面沟通，实现“坦诚对话、消除隔阂”，既减少解纷成本，又提升调解效率。同时，调解员充分发挥调解粘合剂作用，通过沟通寻找争议双方的最大公约数，促成双方达成合作，实现实质解纷，促推合作共赢，取得良好效果。",,湖南,,"null##基本案情：王某发现某工艺厂在某网站店铺销售含有其外观设计专利的摆件，认为侵害其专利权，诉至法院要求赔偿经济损失。
处理方式方法：法院经双方同意委托知识产权调解委员会先行调解。调解员了解到某工艺厂对侵权无异议但经营困难，王某愿意授权专利使用，遂制定“三步走”合作共赢调解方案：一是争取信任，向双方介绍相关法规政策及自身经历，了解赔偿与授权费用预期；二是搭建平台，介绍双方经营及工作情况，“背对背”促成合作经营共识；三是促推合作，推动双方面对面商谈细节。
处理结果：双方达成合作协议，王某授权某工艺厂销售相关商品，某工艺厂支付专利使用费，王某不再追究侵权责任。
处理方式方法：本案系违法销售未经授权的外观设计专利产品而引发的侵权纠纷。对于此类纠纷，以对话弥合分歧，以合作化解争端，通过调解方式缓和矛盾、搭建平台，对于实质化解纠纷，助力优化营商环境具有积极意义。本案中，调解员跳出单纯的定分止争思维，根据实际情况，发现双方合作需求，并推进一揽子化解工作：一方面，详细了解纠纷的来龙去脉，认真倾听双方意见，站在双方立场思考和沟通，取得双方理解与信任，为纠纷化解打下良好基础。另一方面，借助人民法院调解平台功能，促成当面沟通，实现“坦诚对话、消除隔阂”，既减少解纷成本，又提升调解效率。同时，调解员充分发挥调解粘合剂作用，通过沟通寻找争议双方的最大公约数，促成双方达成合作，实现实质解纷，促推合作共赢，取得良好效果。",解纷案例,https://ydzk.chineselaw.com/ydzk/caseDetail/qwcase/26efffe5af2b45d4addaea87c2bfed28,6.6317654,26efffe5af2b45d4addaea87c2bfed28
"某公司与吴某商标权侵权纠纷调解案
“总对总”在线诉调对接高效化解商标侵权纠纷",,,民事案件,"['知识产权与竞争纠纷', '知识产权权属、侵权纠纷', '商标权权属、侵权纠纷']",江西省景德镇市中级人民法院,"基本案情：某公司经授权获得中国大陆地区某商标的排他使用许可，吴某未经许可在其经营的网店名称、商品链接标题、宣传页面及销售商品上大量使用该商标，某公司诉至法院要求吴某停止侵权并赔偿损失。
处理方式方法：法院征得双方同意后，依托“总对总”在线诉调对接机制委托知识产权纠纷人民调解委员会先行调解。调解员厘清事实，把握网络商标侵权边界模糊、传播快、商家易误解及维权难等特点；通过“背靠背”分别沟通，向吴某释法使其认识侵权并愿改，向某公司指出赔偿请求无据且过高；依托人民法院调解平台组织线上视频调解，双方按吴某销售流水定损并确认维权合理支出后达成一致，两天内实质化解纠纷，某公司还参照结果与案外人刘某等自行和解。
处理结果：双方达成调解协议，吴某赔偿某公司12050元并当场履行完毕。
典型意义：本案系网店经营者侵害商标专用权纠纷。电商发展中部分商户知识产权保护意识淡薄，若纠纷不及时化解，会稀释商标价值、扰乱市场秩序，不利于电商行业良性发展。法院依托“总对总”在线诉调对接机制，发挥调解员专业优势，针对双方异地情况组织视频调解以减轻解纷成本，高效化解纠纷。调解成功后，通过示范效应促使某公司与案外人自行和解，提高了网店经营者知识产权保护意识，规范了市场秩序，助力优化营商环境。",,江西,,"null##基本案情：某公司经授权获得中国大陆地区某商标的排他使用许可，吴某未经许可在其经营的网店名称、商品链接标题、宣传页面及销售商品上大量使用该商标，某公司诉至法院要求吴某停止侵权并赔偿损失。
处理方式方法：法院征得双方同意后，依托“总对总”在线诉调对接机制委托知识产权纠纷人民调解委员会先行调解。调解员厘清事实，把握网络商标侵权边界模糊、传播快、商家易误解及维权难等特点；通过“背靠背”分别沟通，向吴某释法使其认识侵权并愿改，向某公司指出赔偿请求无据且过高；依托人民法院调解平台组织线上视频调解，双方按吴某销售流水定损并确认维权合理支出后达成一致，两天内实质化解纠纷，某公司还参照结果与案外人刘某等自行和解。
处理结果：双方达成调解协议，吴某赔偿某公司12050元并当场履行完毕。
典型意义：本案系网店经营者侵害商标专用权纠纷。电商发展中部分商户知识产权保护意识淡薄，若纠纷不及时化解，会稀释商标价值、扰乱市场秩序，不利于电商行业良性发展。法院依托“总对总”在线诉调对接机制，发挥调解员专业优势，针对双方异地情况组织视频调解以减轻解纷成本，高效化解纠纷。调解成功后，通过示范效应促使某公司与案外人自行和解，提高了网店经营者知识产权保护意识，规范了市场秩序，助力优化营商环境。",解纷案例,https://ydzk.chineselaw.com/ydzk/caseDetail/qwcase/cd249eaa289b4467adc225125435fbad,6.6317654,cd249eaa289b4467adc225125435fbad
"陈某与某公司著作权侵权纠纷调解案
“调解员+退休法官”联合化解图片侵权纠纷",,,民事案件,"['著作权权属、侵权纠纷', '知识产权与竞争纠纷', '知识产权权属、侵权纠纷']",绥北人民法院,"基本案情：陈某系某摄影作品的著作权人，该作品已进行法定登记。某公司未经陈某授权，在其运营的微信公众号上通过信息网络向公众传播该摄影作品。陈某遂诉至法院，要求某公司停止使用并删除案涉作品，赔偿经济损失及维权合理费用。
处理方式方法：法院因案件事实清楚、证据充分、标的额较小，经双方同意委托人民调解委员会先行调解。调解委员会组建专业调解员和退休法官参与的调解小组，确定争议焦点为某公司未经许可使用摄影作品是否构成著作权侵权，以及侵权损害赔偿数额的合理确定标准。针对焦点一，退休法官向某公司释明著作权侵权适用“无过错责任”原则，未经许可且无合理使用情形的网络传播行为构成侵权，需承担停止侵害、赔偿损失等民事责任，消除其“非商业使用即不侵权”的认知误区，并结合当地近年类案数据说明赔偿金额范围。针对焦点二，调解员发现陈某未产生实际律师费用等维权费用，且侵权文章点击率不足百次、公众号影响力有限，建议其适当降低赔偿金额。调解小组运用“背对背”沟通策略了解情况，后组织双方线上“面对面”调解，某公司当场致歉并承诺完善公众号内容合规审查机制，陈某接受道歉并同意适当赔偿，双方就侵权认定与赔偿数额达成一致。
处理结果：双方达成调解协议，某公司赔偿陈某500元并当场履行。
处理方式方法：本案虽属事实清楚、权利义务关系明确、争议标的额较小的简易案件，但为避免因解纷周期延长与维权成本累积推高权利人赔偿预期、强化侵权人对抗情绪，法院委托人民调解委员会先行调解。调解委员会指派专业调解员与退休法官组建调解小组，按网络图片使用争议“侵权认定—赔偿核算—即时履行”全流程解纷路径推进工作。锚定“无过错责任认定”与“赔偿标准核算”核心，通过释法破解“非商业使用即不侵权”误区，合理核算赔偿金额平衡双方利益预期。运用“背对背沟通—双向疏导—线上确认”三阶调解方法，“背对背”沟通识别争议焦点，“双向疏导”向权利人释明赔偿金额与实际损失、侵权情节相适应的法律逻辑，向侵权人强调先行调解节省时间成本的优势，最终线上“面对面”调解促成双方达成一致并即时履行。",,黑龙江,,"null##基本案情：陈某系某摄影作品的著作权人，该作品已进行法定登记。某公司未经陈某授权，在其运营的微信公众号上通过信息网络向公众传播该摄影作品。陈某遂诉至法院，要求某公司停止使用并删除案涉作品，赔偿经济损失及维权合理费用。
处理方式方法：法院因案件事实清楚、证据充分、标的额较小，经双方同意委托人民调解委员会先行调解。调解委员会组建专业调解员和退休法官参与的调解小组，确定争议焦点为某公司未经许可使用摄影作品是否构成著作权侵权，以及侵权损害赔偿数额的合理确定标准。针对焦点一，退休法官向某公司释明著作权侵权适用“无过错责任”原则，未经许可且无合理使用情形的网络传播行为构成侵权，需承担停止侵害、赔偿损失等民事责任，消除其“非商业使用即不侵权”的认知误区，并结合当地近年类案数据说明赔偿金额范围。针对焦点二，调解员发现陈某未产生实际律师费用等维权费用，且侵权文章点击率不足百次、公众号影响力有限，建议其适当降低赔偿金额。调解小组运用“背对背”沟通策略了解情况，后组织双方线上“面对面”调解，某公司当场致歉并承诺完善公众号内容合规审查机制，陈某接受道歉并同意适当赔偿，双方就侵权认定与赔偿数额达成一致。
处理结果：双方达成调解协议，某公司赔偿陈某500元并当场履行。
处理方式方法：本案虽属事实清楚、权利义务关系明确、争议标的额较小的简易案件，但为避免因解纷周期延长与维权成本累积推高权利人赔偿预期、强化侵权人对抗情绪，法院委托人民调解委员会先行调解。调解委员会指派专业调解员与退休法官组建调解小组，按网络图片使用争议“侵权认定—赔偿核算—即时履行”全流程解纷路径推进工作。锚定“无过错责任认定”与“赔偿标准核算”核心，通过释法破解“非商业使用即不侵权”误区，合理核算赔偿金额平衡双方利益预期。运用“背对背沟通—双向疏导—线上确认”三阶调解方法，“背对背”沟通识别争议焦点，“双向疏导”向权利人释明赔偿金额与实际损失、侵权情节相适应的法律逻辑，向侵权人强调先行调解节省时间成本的优势，最终线上“面对面”调解促成双方达成一致并即时履行。",解纷案例,https://ydzk.chineselaw.com/ydzk/caseDetail/qwcase/03e19b8e6e6e4a93bad2381f097a78dc,6.5904217,03e19b8e6e6e4a93bad2381f097a78dc
"某科技公司与杜某著作权侵权纠纷调解案
线上调解化解著作权网络侵权纠纷",,,民事案件,['侵权责任纠纷'],辽宁省葫芦岛市中级人民法院,"基本案情：某科技公司发现杜某将其享有著作权的课件扫描成PDF格式，在某网络销售平台传播并销售以获取经济利益，遂诉至法院要求赔偿经济损失。
裁判分析：争议焦点为杜某行为是否构成著作权侵权及赔偿金额如何确定。某科技公司提交了著作权权属证明、侵权证据（销售链接、交易记录、成交金额、侵权电子版样本等），主张赔偿2000元；杜某认可赔偿，但认为销售数量少、利润微薄，仅愿赔偿500元。调解员综合考虑杜某侵权行为性质、销售及获利情况、电子书传播范围、对某科技公司影响及维权合理开支等因素，提出杜某立即删除侵权链接并赔偿800元的折中方案。
判决结果：双方达成调解协议，杜某删除所有销售链接和侵权文件并承诺不再侵权，赔偿某科技公司损失及合理维权费用共800元并当场履行完毕。
处理方式方法：法院征得当事人同意后通过人民调解平台在线委托特邀调解员先行调解。一是全面梳理案情，评估双方立场与诉求，查看证据并联系双方了解赔偿期望、和解意愿等。二是释法明理，开展背对背调解，向某科技公司说明调解优势及诉讼成本，向杜某指出侵权性质、法律责任及败诉风险。三是组织“面对面”调解寻找折中点，基于法律事实谈判，最终促使双方达成一致并在线签订协议。
解纷依据：《中华人民共和国商标法》第57条、第63条",,辽宁,,"null##基本案情：某科技公司发现杜某将其享有著作权的课件扫描成PDF格式，在某网络销售平台传播并销售以获取经济利益，遂诉至法院要求赔偿经济损失。
裁判分析：争议焦点为杜某行为是否构成著作权侵权及赔偿金额如何确定。某科技公司提交了著作权权属证明、侵权证据（销售链接、交易记录、成交金额、侵权电子版样本等），主张赔偿2000元；杜某认可赔偿，但认为销售数量少、利润微薄，仅愿赔偿500元。调解员综合考虑杜某侵权行为性质、销售及获利情况、电子书传播范围、对某科技公司影响及维权合理开支等因素，提出杜某立即删除侵权链接并赔偿800元的折中方案。
判决结果：双方达成调解协议，杜某删除所有销售链接和侵权文件并承诺不再侵权，赔偿某科技公司损失及合理维权费用共800元并当场履行完毕。
处理方式方法：法院征得当事人同意后通过人民调解平台在线委托特邀调解员先行调解。一是全面梳理案情，评估双方立场与诉求，查看证据并联系双方了解赔偿期望、和解意愿等。二是释法明理，开展背对背调解，向某科技公司说明调解优势及诉讼成本，向杜某指出侵权性质、法律责任及败诉风险。三是组织“面对面”调解寻找折中点，基于法律事实谈判，最终促使双方达成一致并在线签订协议。
解纷依据：《中华人民共和国商标法》第57条、第63条",解纷案例,https://ydzk.chineselaw.com/ydzk/caseDetail/qwcase/b60d85b28dd549f893a3c4e9fefc3924,6.5294986,b60d85b28dd549f893a3c4e9fefc3924
"某通信设备公司与某公司专利权侵权纠纷调解案
一揽子化解标准必要专利侵权纠纷",,,民事案件,"['知识产权与竞争纠纷', '专利权权属、侵权纠纷', '知识产权权属、侵权纠纷']",最高人民法院,"基本案情：某通信设备公司以某公司未经允许使用其通讯领域标准必要专利为由，通过知识产权保护中心平台申请非诉讼途径化解纠纷。
处理方式方法：调解员通过分析关键信息确定处理方案，明确争议焦点为被请求人是否侵犯请求人专利权；预估考量要素推动纠纷调解，针对某公司消极处理纠纷的情况结合人民法院指导性案例进行释明，针对其认为使用技术属行业公知技术且有抗辩理由的情况释明法律法规并围绕合法来源和权利用尽提出建议，促使某公司基本认可使用涉案专利并同意磋商；专业助力谈判实现多方共赢，针对某公司避免使用“许可费”概念的顾虑，向某通信设备公司建议重新核定涉案数额、参考可比协议确定费率、以官方数据为参考依据，以规范运用知识产权为核心目标促成谈判。
处理结果：双方就涉案标准必要专利纠纷及后续合作达成一揽子和解保密协议。
处理方式方法：标准必要专利是通信领域知识产权保护的重点难点问题，非经权利人许可，只要符合国家标准则必然侵犯知识产权。本案的成功调解体现了知识产权保护平台在汇集知识产权资源、高效化解矛盾纠纷中的巨大优势，也为今后类似纠纷处理提供借鉴。一是及时转变沟通对象。调解员在不同阶段沟通对象要有所侧重。如，初期是与双方知识产权负责人和技术研发人员沟通，目的是客观全面了解纠纷详情，梳理明确争议焦点；中期重点是要与某公司沟通，通过类案解读及释法明理，打消其消极处理纠纷态度，引导其认可自身侵权行为并积极寻求合作化解；后期重点是与某通信设备公司沟通，就涉案数额、费率等问题给出参考建议，将一方侵权转化为双方共赢的同时也促进了行业繁荣发展。二是运用专业知识促成调解。调解员运用专业知识，协调双方利益契合点，通过提供专业意见引导标准必要专利纠纷双方当事人开展许可谈判，向某公司释明可能的诉讼结果，对其抗辩理由在释明知识产权相关法律法规基础上，围绕合法来源和权利用尽的适用范围和保护逻辑进行解读，使某公司积极寻求调解方式解决纠纷；向通信设备公司建议参考适当可比协议重新确定费率等，以规范运用知识产权为核心目标。通过上述调解工作，有效平衡标准必要专利权人和实施人的利益，促成纠纷实质性化解，实现了法律效果和社会效果的统一。",,最高,,"null##基本案情：某通信设备公司以某公司未经允许使用其通讯领域标准必要专利为由，通过知识产权保护中心平台申请非诉讼途径化解纠纷。
处理方式方法：调解员通过分析关键信息确定处理方案，明确争议焦点为被请求人是否侵犯请求人专利权；预估考量要素推动纠纷调解，针对某公司消极处理纠纷的情况结合人民法院指导性案例进行释明，针对其认为使用技术属行业公知技术且有抗辩理由的情况释明法律法规并围绕合法来源和权利用尽提出建议，促使某公司基本认可使用涉案专利并同意磋商；专业助力谈判实现多方共赢，针对某公司避免使用“许可费”概念的顾虑，向某通信设备公司建议重新核定涉案数额、参考可比协议确定费率、以官方数据为参考依据，以规范运用知识产权为核心目标促成谈判。
处理结果：双方就涉案标准必要专利纠纷及后续合作达成一揽子和解保密协议。
处理方式方法：标准必要专利是通信领域知识产权保护的重点难点问题，非经权利人许可，只要符合国家标准则必然侵犯知识产权。本案的成功调解体现了知识产权保护平台在汇集知识产权资源、高效化解矛盾纠纷中的巨大优势，也为今后类似纠纷处理提供借鉴。一是及时转变沟通对象。调解员在不同阶段沟通对象要有所侧重。如，初期是与双方知识产权负责人和技术研发人员沟通，目的是客观全面了解纠纷详情，梳理明确争议焦点；中期重点是要与某公司沟通，通过类案解读及释法明理，打消其消极处理纠纷态度，引导其认可自身侵权行为并积极寻求合作化解；后期重点是与某通信设备公司沟通，就涉案数额、费率等问题给出参考建议，将一方侵权转化为双方共赢的同时也促进了行业繁荣发展。二是运用专业知识促成调解。调解员运用专业知识，协调双方利益契合点，通过提供专业意见引导标准必要专利纠纷双方当事人开展许可谈判，向某公司释明可能的诉讼结果，对其抗辩理由在释明知识产权相关法律法规基础上，围绕合法来源和权利用尽的适用范围和保护逻辑进行解读，使某公司积极寻求调解方式解决纠纷；向通信设备公司建议参考适当可比协议重新确定费率等，以规范运用知识产权为核心目标。通过上述调解工作，有效平衡标准必要专利权人和实施人的利益，促成纠纷实质性化解，实现了法律效果和社会效果的统一。",解纷案例,https://ydzk.chineselaw.com/ydzk/caseDetail/qwcase/5b9709aacee14a638c871dc80674c88e,6.4030995,5b9709aacee14a638c871dc80674c88e
王某与五位同饮者侵权纠纷调解案,,,民事案件,['侵权责任纠纷'],,"基本案情：王某与五位朋友（崔某、胡某、成某甲、王某乙、成某乙，此五人系同村）在饭店聚餐并饮酒。聚餐结束后，王某在醉酒状态下自己驾车离开。途中，王某与一货车追尾，不幸当场死亡。事故发生后，王某家属认为同饮者没有尽到劝阻义务，应当对王某的死亡承担一定的赔偿责任，与同饮者就赔偿问题产生纠纷，诉至法院。

处理方式方法：法院收到起诉材料后，发现案件涉及邻里关系，如果直接判决可能会令矛盾进一步激化，也难以解开王某家属心结。为妥善化解纠纷，征得当事人同意后，法院指导特邀调解员开展先行调解。特邀调解员在与当事人沟通时了解到，此前，双方所在地的村委会、司法所、派出所曾四次调解未果，于是依托当地矛盾纠纷多元化解中心，会同基层单位进一步开展联合调处工作。调解员先到派出所了解案件情况，调取事发当晚的监控录像，还原事实经过，明确责任划分。之后与司法所调解员联系，了解之前调解失败的原因，对于各方的诉求与矛盾有了初步的了解。明确案件事实后，调解员又与村委会的村干部进行联系走访，了解各方家庭情况，从而有针对性开展调解工作。一、安抚情绪，缓和冲突。调解员首先采取背对背的调解方式，先安抚王某家属的情绪，让他们能够理性面对纠纷，再分别与几位同饮者进行沟通，了解他们在聚餐过程中的具体情况以及对承担责任的看法。面对同饮者们，调解员先打感情牌，引导各方换位思考、将心比心，对于已经去世的好兄弟以及他的家人要多一份同情与安慰，而不是冷漠回避。二、多方联动，释法明理。在法官指导下，调解员又联合村委会工作人员组织各方进行面对面的调解。村干部从邻里关系角度劝说双方互谅互让，做通各方的思想工作，缓和对抗情绪。之后，调解员从法律规定出发分析各方责任并协商赔偿事宜，让当事人充分了解到，共同饮酒者在饮酒期间对于同饮者有劝告、提醒的义务，当饮酒者陷入醉酒状态时，同饮者应尽一定的注意义务，承担照顾、看护、护送的责任。本案中，王某醉酒后，几位同饮者对其醉酒驾车的行为理应进行劝阻但未劝阻，对于损害后果的发生负有一定责任。在调解员耐心劝导下，同饮者崔某、胡某、成某甲、王某乙、成某乙认识到自己在聚餐饮酒后，没有有效劝阻王某，表示愿意共同承担一定的责任。三、监督履行，定期回访。各方最终达成调解协议，村委会工作人员跟进赔偿履行情况，确保调解协议落实。法院定期关注走访当事人家庭，了解款项支付情况，确保纠纷彻底化解。

处理结果：各方当事人达成调解协议，各同饮者承担相应的赔偿责任，其中，崔某、胡某、成某甲各赔偿1.5万元，成某乙赔偿0.76万元，王某乙赔偿1万元。王某家属不再追究其他责任，纠纷得到实质解决。

解纷依据：《中华人民共和国民法典》第1165条、1172条、1179条、1181条

解纷要旨：本案系涉及同饮者是否承担责任的侵权纠纷案件，此类纠纷涉及人员往往是关系较好的朋友、熟人，在调解中更要注意以法为据，以情为线，根据法律规定，结合具体情况准确界定各方责任。在本案化解过程中，法院依托多元纠纷化解中心这一平台，会同村委会、司法所、派出所等基层单位，详细了解纠纷堵点，找准双方争议焦点，并预先作出有针对性的调解策略，做好当事人思想工作，缓和各方情绪。同时，法院发挥指导调解职能，指导特邀调解员依据相关法律法规和司法解释，结合案件事实，为各方当事人提供明确的法律依据和责任划分标准，讲解对于同饮者如果在饮酒过程中存在劝酒、明知对方醉酒仍未劝阻其驾车等行为，应当承担相应赔偿责任，为最终各方达成一致意见奠定基础。通过各方联动，动之以情，晓之以理，最终促使各方达成和解，实现案结事了。",,,,"null##基本案情：王某与五位朋友（崔某、胡某、成某甲、王某乙、成某乙，此五人系同村）在饭店聚餐并饮酒。聚餐结束后，王某在醉酒状态下自己驾车离开。途中，王某与一货车追尾，不幸当场死亡。事故发生后，王某家属认为同饮者没有尽到劝阻义务，应当对王某的死亡承担一定的赔偿责任，与同饮者就赔偿问题产生纠纷，诉至法院。

处理方式方法：法院收到起诉材料后，发现案件涉及邻里关系，如果直接判决可能会令矛盾进一步激化，也难以解开王某家属心结。为妥善化解纠纷，征得当事人同意后，法院指导特邀调解员开展先行调解。特邀调解员在与当事人沟通时了解到，此前，双方所在地的村委会、司法所、派出所曾四次调解未果，于是依托当地矛盾纠纷多元化解中心，会同基层单位进一步开展联合调处工作。调解员先到派出所了解案件情况，调取事发当晚的监控录像，还原事实经过，明确责任划分。之后与司法所调解员联系，了解之前调解失败的原因，对于各方的诉求与矛盾有了初步的了解。明确案件事实后，调解员又与村委会的村干部进行联系走访，了解各方家庭情况，从而有针对性开展调解工作。一、安抚情绪，缓和冲突。调解员首先采取背对背的调解方式，先安抚王某家属的情绪，让他们能够理性面对纠纷，再分别与几位同饮者进行沟通，了解他们在聚餐过程中的具体情况以及对承担责任的看法。面对同饮者们，调解员先打感情牌，引导各方换位思考、将心比心，对于已经去世的好兄弟以及他的家人要多一份同情与安慰，而不是冷漠回避。二、多方联动，释法明理。在法官指导下，调解员又联合村委会工作人员组织各方进行面对面的调解。村干部从邻里关系角度劝说双方互谅互让，做通各方的思想工作，缓和对抗情绪。之后，调解员从法律规定出发分析各方责任并协商赔偿事宜，让当事人充分了解到，共同饮酒者在饮酒期间对于同饮者有劝告、提醒的义务，当饮酒者陷入醉酒状态时，同饮者应尽一定的注意义务，承担照顾、看护、护送的责任。本案中，王某醉酒后，几位同饮者对其醉酒驾车的行为理应进行劝阻但未劝阻，对于损害后果的发生负有一定责任。在调解员耐心劝导下，同饮者崔某、胡某、成某甲、王某乙、成某乙认识到自己在聚餐饮酒后，没有有效劝阻王某，表示愿意共同承担一定的责任。三、监督履行，定期回访。各方最终达成调解协议，村委会工作人员跟进赔偿履行情况，确保调解协议落实。法院定期关注走访当事人家庭，了解款项支付情况，确保纠纷彻底化解。

处理结果：各方当事人达成调解协议，各同饮者承担相应的赔偿责任，其中，崔某、胡某、成某甲各赔偿1.5万元，成某乙赔偿0.76万元，王某乙赔偿1万元。王某家属不再追究其他责任，纠纷得到实质解决。

解纷依据：《中华人民共和国民法典》第1165条、1172条、1179条、1181条

解纷要旨：本案系涉及同饮者是否承担责任的侵权纠纷案件，此类纠纷涉及人员往往是关系较好的朋友、熟人，在调解中更要注意以法为据，以情为线，根据法律规定，结合具体情况准确界定各方责任。在本案化解过程中，法院依托多元纠纷化解中心这一平台，会同村委会、司法所、派出所等基层单位，详细了解纠纷堵点，找准双方争议焦点，并预先作出有针对性的调解策略，做好当事人思想工作，缓和各方情绪。同时，法院发挥指导调解职能，指导特邀调解员依据相关法律法规和司法解释，结合案件事实，为各方当事人提供明确的法律依据和责任划分标准，讲解对于同饮者如果在饮酒过程中存在劝酒、明知对方醉酒仍未劝阻其驾车等行为，应当承担相应赔偿责任，为最终各方达成一致意见奠定基础。通过各方联动，动之以情，晓之以理，最终促使各方达成和解，实现案结事了。",典型案例,https://ydzk.chineselaw.com/ydzk/caseDetail/qwcase/2644259a794951f31c8b7c3b8e28ce1d,6.3585777,2644259a794951f31c8b7c3b8e28ce1d
李某某诉葛某某著作权侵权纠纷案,（2016）最高法民再175号,2018年05月31日,民事案件,"['著作权权属、侵权纠纷', '知识产权与竞争纠纷', '知识产权权属、侵权纠纷']",最高人民法院,"裁判要旨：古籍点校本是否构成著作权法意义上的作品，需从作品的要件出发，综合其是否构成对客观事实的表达，且该种表达方式是否唯一或极为有限等因素进行考虑。
案件事实：李某某自2008年6月开始整理点校民国版《某某县志》，后葛某某加入合作，2009年9月双方停止合作。2010年8、9月李某某完成校注本第四稿并交葛某某，2011年5月葛某某出版该点校本。李某某认为葛某某侵害其著作权诉至法院。
一审判决结果：葛某某赔偿李某某经济损失及合理费用共计6万元；向李某某赔礼道歉并在《寿光日报》刊登声明表明李某某为共同点校人；驳回李某某其他诉讼请求。
二审判决结果：驳回上诉，维持原判。
再审判决结果：维持二审判决。
裁判分析：争议焦点为涉案民国版《某某县志》点校本是否构成著作权法意义上的作品。法院生效裁判认为，第一，涉案点校本属于智力劳动成果，系对民国版《某某县志》的首次点校，需要点校者具备一定素养并投入人力物力调查研究。第二，构成对客观事实的表达，点校行为通过添加标点、划分段落加入点校者对原意的理解，是依照理解推敲形成的特殊表达。第三，表达方式并非唯一或极为有限，不同点校者因主观因素影响，点校成果通常不一致，存在选择空间和不同表达可能。",再审案件,最高,最高,"（2016）最高法民再175号##裁判要旨：古籍点校本是否构成著作权法意义上的作品，需从作品的要件出发，综合其是否构成对客观事实的表达，且该种表达方式是否唯一或极为有限等因素进行考虑。
案件事实：李某某自2008年6月开始整理点校民国版《某某县志》，后葛某某加入合作，2009年9月双方停止合作。2010年8、9月李某某完成校注本第四稿并交葛某某，2011年5月葛某某出版该点校本。李某某认为葛某某侵害其著作权诉至法院。
一审判决结果：葛某某赔偿李某某经济损失及合理费用共计6万元；向李某某赔礼道歉并在《寿光日报》刊登声明表明李某某为共同点校人；驳回李某某其他诉讼请求。
二审判决结果：驳回上诉，维持原判。
再审判决结果：维持二审判决。
裁判分析：争议焦点为涉案民国版《某某县志》点校本是否构成著作权法意义上的作品。法院生效裁判认为，第一，涉案点校本属于智力劳动成果，系对民国版《某某县志》的首次点校，需要点校者具备一定素养并投入人力物力调查研究。第二，构成对客观事实的表达，点校行为通过添加标点、划分段落加入点校者对原意的理解，是依照理解推敲形成的特殊表达。第三，表达方式并非唯一或极为有限，不同点校者因主观因素影响，点校成果通常不一致，存在选择空间和不同表达可能。",参考案例,https://ydzk.chineselaw.com/ydzk/caseDetail/qwcase/c452e217d581535c6e25bae498a54df7,6.328572,c452e217d581535c6e25bae498a54df7
