record_id,jurisdiction,location,case_type,stage,effective_nodes,travel_hours,overhead_hours,total_hours,hourly_rate,total_fee,data_source,source_url,verified
TS0001,US-Federal,Northern District of Mississippi,civil_rights,trial,12,8.5,15.0,257.75,150.0,38662.5,fee_award_decision,https://law.justia.com/cases/federal/district-courts/FSupp/638/62/1490400/,true
TS0002,US-Federal,District of Connecticut,telecommunications,pre-trial,8,12.0,18.0,397.6,165.0,49580.0,fee_award_decision,https://www.courtlistener.com/opinion/2510816/omnipoint-communications-inc-v-planning-zoning-commission-of-the-town/,true
TS0003,US-Federal,Northern District of California,ada_civil_rights,pre-trial,15,16.0,22.0,436.0,523.75,228355.0,fee_award_decision,https://dralegal.org/wp-content/uploads/2020/01/cril.mobilityworks.fee_.mot_.all_.files_.pdf,true
TS0004,US-Federal,Eastern District of California,class_action,pre-trial,85,120.0,180.0,8928.99,400.0,3571596.0,fee_award_decision,https://www.casemine.com/judgement/us/6674156791dcdd5dffc7a7fd,true
TS0005,US-Federal,District of Columbia,employment_discrimination,appeal,200,350.0,450.0,13932.25,350.0,4876287.5,fee_award_decision,https://case-law.vlex.com/vid/laffey-v-northwest-airlines-893058570,true
TS0006,US-Federal,Middle District of Florida,qui_tam,investigation,45,80.0,120.0,1272.5,450.0,572625.0,fee_award_decision,https://law.justia.com/cases/federal/district-courts/florida/flmdce/2:2011cv00014/292495/61/,true
TS0007,US-Federal,Middle District of Florida,qui_tam,pre-trial,45,60.0,90.0,1054.45,450.0,474502.5,fee_award_decision,https://law.justia.com/cases/federal/district-courts/florida/flmdce/2:2011cv00014/292495/61/,true
TS0008,US-Federal,Middle District of Florida,qui_tam,trial,45,40.0,60.0,1911.5,450.0,860175.0,fee_award_decision,https://law.justia.com/cases/federal/district-courts/florida/flmdce/2:2011cv00014/292495/61/,true
TS0009,US-Federal,Middle District of Georgia,civil_rights,pre-trial,30,35.0,50.0,2658.1,200.0,531620.0,fee_award_decision,https://www.govinfo.gov/content/pkg/USCOURTS-gamd-5_15-cv-00041/pdf/USCOURTS-gamd-5_15-cv-00041-21.pdf,true
TS0010,US-Federal,Middle District of Georgia,civil_rights,trial,30,15.0,20.0,561.5,200.0,112300.0,fee_award_decision,https://www.govinfo.gov/content/pkg/USCOURTS-gamd-5_15-cv-00041/pdf/USCOURTS-gamd-5_15-cv-00041-21.pdf,true
TS0011,US-Federal,Central District of California,bankruptcy,trial,18,10.0,15.0,398.4,480.0,191232.0,fee_award_decision,https://www.cacb.uscourts.gov/sites/cacb/files/documents/opinions/LA-11-02632-RK_HanMOD.pdf,true
TS0012,US-Federal,Central District of California,bankruptcy,appeal,12,8.0,12.0,223.25,480.0,107160.0,fee_award_decision,https://www.cacb.uscourts.gov/sites/cacb/files/documents/opinions/LA-11-02632-RK_HanMOD.pdf,true
TS0013,US-Federal,Western District of Missouri,civil_litigation,pre-trial,3,0.5,1.0,2.3,224.0,515.2,fee_award_decision,https://www.govinfo.gov/content/pkg/USCOURTS-mowd-4_19-cv-00318/pdf/USCOURTS-mowd-4_19-cv-00318-5.pdf,true
TS0014,US-Federal,Eastern District of New York,civil_litigation,pre-trial,5,2.0,4.0,30.0,350.0,10500.0,fee_award_decision,https://www.govinfo.gov/content/pkg/USCOURTS-nyed-1_17-cv-04143/pdf/USCOURTS-nyed-1_17-cv-04143-4.pdf,true
TS0015,US-Federal,Eastern District of Michigan,employment_discrimination,pre-trial,10,5.0,8.0,180.0,300.0,54000.0,fee_award_decision,https://www.govinfo.gov/content/pkg/USCOURTS-mied-4_17-cv-10964/pdf/USCOURTS-mied-4_17-cv-10964-2.pdf,true
TS0016,US-Federal,Eastern District of Missouri,securities_class_action,pre-trial,120,90.0,140.0,8070.5,639.0,5159337.5,attorney_affidavit,https://www.mallinckrodtsecuritiessettlement.com/media/5555339/ecf_158-3_declaration_of_michael_g._capeci_filed_on_behalf_of_robbins_geller.pdf,true
TS0017,US-Federal,Northern District of Georgia,securities_class_action,pre-trial,55,35.0,55.0,2808.3,590.0,1658004.5,attorney_affidavit,https://www.interfacesecuritiessettlement.com/media/4437150/ecf_85-15_declaration_of_david_a._rosenfeld_filed_on_behalf_of_robbins_geller_rudman___dowd_llp.pdf,true
TS0018,US-Federal,Southern District of Texas,securities_class_action,investigation,70,45.0,70.0,3522.6,661.0,2330721.5,attorney_affidavit,https://www.tenarissecuritiessettlement.com/docs/2023-09-14%20Declaration%20[dckt%20119_0].pdf,true
TS0019,US-Federal,Southern District of New York,securities_class_action,trial,250,300.0,450.0,49823.5,532.0,26532628.25,attorney_affidavit,"https://static.blbglaw.com/docs/May%2023,%202022%20%E2%80%93%20Notice%20of%20Motion%20and%20Motion%20for%20Final%20Approval%20of%20Settlement%20and%20Approval%20of%20Plan%20of%20Allocation.pdf",true
TS0020,US-Federal,Southern District of New York,securities_class_action,pre-trial,200,250.0,380.0,41427.75,471.0,19524878.75,attorney_affidavit,"https://static.blbglaw.com/docs/May%2023,%202022%20%E2%80%93%20Notice%20of%20Motion%20and%20Motion%20for%20Final%20Approval%20of%20Settlement%20and%20Approval%20of%20Plan%20of%20Allocation.pdf",true
TS0021,US-Federal,Southern District of New York,securities_class_action,pre-trial,15,5.0,8.0,343.0,542.0,185911.5,attorney_affidavit,"https://static.blbglaw.com/docs/May%2023,%202022%20%E2%80%93%20Notice%20of%20Motion%20and%20Motion%20for%20Final%20Approval%20of%20Settlement%20and%20Approval%20of%20Plan%20of%20Allocation.pdf",true
TS0022,US-Federal,Southern District of Texas,securities_class_action,trial,500,800.0,1200.0,289593.35,456.0,132054567.6,fee_award_decision,https://billrubenstein.com/wp-content/uploads/2019/08/Rubenstein_Sept08_column.pdf,true
TS0023,US-Federal,Eastern District of Pennsylvania,patent_litigation,trial,80,60.0,90.0,5400.0,450.0,2432572.77,fee_award_decision,https://www.troutman.com/wp-content/uploads/2022/02/Making_Them_Pay_Winning_Attorney_Fees_in_Patent_Litigation_Hando.pdf,true
TS0024,US-Federal,Eastern District of Pennsylvania,patent_litigation,appeal,60,40.0,60.0,9200.0,451.0,4151147.21,fee_award_decision,https://www.troutman.com/wp-content/uploads/2022/02/Making_Them_Pay_Winning_Attorney_Fees_in_Patent_Litigation_Hando.pdf,true
TS0025,US-State,Michigan,murder_or_manslaughter,trial,18,2.8,5.6,55.6,100.0,5560.0,academic_dataset,https://michiganidc.gov/wp-content/uploads/2019/09/Final-RAND-Report-Caseloads-September-2019.pdf,true
TS0026,US-State,Michigan,murder_or_manslaughter,trial,20,3.1,6.3,62.6,100.0,6260.0,academic_dataset,https://michiganidc.gov/wp-content/uploads/2019/09/Final-RAND-Report-Caseloads-September-2019.pdf,true
TS0027,US-State,Michigan,csc,pre-trial,5,0.8,1.6,15.8,100.0,1580.0,academic_dataset,https://michiganidc.gov/wp-content/uploads/2019/09/Final-RAND-Report-Caseloads-September-2019.pdf,true
TS0028,US-State,Michigan,csc,pre-trial,5,0.9,1.8,17.8,100.0,1780.0,academic_dataset,https://michiganidc.gov/wp-content/uploads/2019/09/Final-RAND-Report-Caseloads-September-2019.pdf,true
TS0029,US-State,Michigan,csc,pre-trial,6,1.0,2.0,19.8,100.0,1980.0,academic_dataset,https://michiganidc.gov/wp-content/uploads/2019/09/Final-RAND-Report-Caseloads-September-2019.pdf,true
TS0030,US-State,Michigan,csc,pre-trial,7,1.1,2.2,21.8,100.0,2180.0,academic_dataset,https://michiganidc.gov/wp-content/uploads/2019/09/Final-RAND-Report-Caseloads-September-2019.pdf,true
TS0031,US-State,Michigan,csc,pre-trial,7,1.2,2.4,23.8,100.0,2380.0,academic_dataset,https://michiganidc.gov/wp-content/uploads/2019/09/Final-RAND-Report-Caseloads-September-2019.pdf,true
TS0032,US-State,Michigan,other_class_a_offenses,pre-trial,5,0.8,1.6,16.2,100.0,1620.0,academic_dataset,https://michiganidc.gov/wp-content/uploads/2019/09/Final-RAND-Report-Caseloads-September-2019.pdf,true
TS0033,US-State,Michigan,other_class_a_offenses,pre-trial,6,0.9,1.8,18.3,100.0,1830.0,academic_dataset,https://michiganidc.gov/wp-content/uploads/2019/09/Final-RAND-Report-Caseloads-September-2019.pdf,true
TS0034,US-State,Michigan,other_class_a_offenses,pre-trial,6,1.0,2.0,20.3,100.0,2030.0,academic_dataset,https://michiganidc.gov/wp-content/uploads/2019/09/Final-RAND-Report-Caseloads-September-2019.pdf,true
TS0035,US-State,Michigan,other_class_a_offenses,pre-trial,7,1.1,2.2,22.3,100.0,2230.0,academic_dataset,https://michiganidc.gov/wp-content/uploads/2019/09/Final-RAND-Report-Caseloads-September-2019.pdf,true
TS0036,US-State,Michigan,other_class_a_offenses,pre-trial,8,1.2,2.4,24.4,100.0,2440.0,academic_dataset,https://michiganidc.gov/wp-content/uploads/2019/09/Final-RAND-Report-Caseloads-September-2019.pdf,true
TS0037,US-State,Michigan,other_high-severity_felonies,pre-trial,2,0.4,0.7,7.2,100.0,720.0,academic_dataset,https://michiganidc.gov/wp-content/uploads/2019/09/Final-RAND-Report-Caseloads-September-2019.pdf,true
TS0038,US-State,Michigan,other_high-severity_felonies,pre-trial,2,0.4,0.8,8.1,100.0,810.0,academic_dataset,https://michiganidc.gov/wp-content/uploads/2019/09/Final-RAND-Report-Caseloads-September-2019.pdf,true
TS0039,US-State,Michigan,other_high-severity_felonies,pre-trial,3,0.5,0.9,9.0,100.0,900.0,academic_dataset,https://michiganidc.gov/wp-content/uploads/2019/09/Final-RAND-Report-Caseloads-September-2019.pdf,true
TS0040,US-State,Michigan,other_high-severity_felonies,pre-trial,3,0.5,1.0,9.9,100.0,990.0,academic_dataset,https://michiganidc.gov/wp-content/uploads/2019/09/Final-RAND-Report-Caseloads-September-2019.pdf,true
TS0041,US-State,Michigan,other_high-severity_felonies,pre-trial,3,0.5,1.1,10.8,100.0,1080.0,academic_dataset,https://michiganidc.gov/wp-content/uploads/2019/09/Final-RAND-Report-Caseloads-September-2019.pdf,true
TS0042,US-State,Michigan,low-severity_felonies,pre-trial,1,0.3,0.6,5.5,100.0,550.0,academic_dataset,https://michiganidc.gov/wp-content/uploads/2019/09/Final-RAND-Report-Caseloads-September-2019.pdf,true
TS0043,US-State,Michigan,low-severity_felonies,pre-trial,2,0.3,0.6,6.2,100.0,620.0,academic_dataset,https://michiganidc.gov/wp-content/uploads/2019/09/Final-RAND-Report-Caseloads-September-2019.pdf,true
TS0044,US-State,Michigan,low-severity_felonies,pre-trial,2,0.3,0.7,6.9,100.0,690.0,academic_dataset,https://michiganidc.gov/wp-content/uploads/2019/09/Final-RAND-Report-Caseloads-September-2019.pdf,true
TS0045,US-State,Michigan,low-severity_felonies,pre-trial,2,0.4,0.8,7.6,100.0,760.0,academic_dataset,https://michiganidc.gov/wp-content/uploads/2019/09/Final-RAND-Report-Caseloads-September-2019.pdf,true
TS0046,US-State,Michigan,low-severity_felonies,pre-trial,2,0.4,0.8,8.3,100.0,830.0,academic_dataset,https://michiganidc.gov/wp-content/uploads/2019/09/Final-RAND-Report-Caseloads-September-2019.pdf,true
TS0047,US-State,Michigan,one-year_misdemeanors,pre-trial,1,0.1,0.3,2.9,100.0,290.0,academic_dataset,https://michiganidc.gov/wp-content/uploads/2019/09/Final-RAND-Report-Caseloads-September-2019.pdf,true
TS0048,US-State,Michigan,one-year_misdemeanors,pre-trial,1,0.2,0.3,3.2,100.0,320.0,academic_dataset,https://michiganidc.gov/wp-content/uploads/2019/09/Final-RAND-Report-Caseloads-September-2019.pdf,true
TS0049,US-State,Michigan,one-year_misdemeanors,pre-trial,1,0.2,0.4,3.6,100.0,360.0,academic_dataset,https://michiganidc.gov/wp-content/uploads/2019/09/Final-RAND-Report-Caseloads-September-2019.pdf,true
TS0050,US-State,Michigan,one-year_misdemeanors,pre-trial,1,0.2,0.4,4.0,100.0,400.0,academic_dataset,https://michiganidc.gov/wp-content/uploads/2019/09/Final-RAND-Report-Caseloads-September-2019.pdf,true
TS0051,US-State,Michigan,one-year_misdemeanors,pre-trial,1,0.2,0.4,4.3,100.0,430.0,academic_dataset,https://michiganidc.gov/wp-content/uploads/2019/09/Final-RAND-Report-Caseloads-September-2019.pdf,true
TS0052,US-State,Michigan,93-day_misdemeanors,investigation,1,0.1,0.2,2.2,75.0,165.0,academic_dataset,https://michiganidc.gov/wp-content/uploads/2019/09/Final-RAND-Report-Caseloads-September-2019.pdf,true
TS0053,US-State,Michigan,93-day_misdemeanors,investigation,1,0.1,0.2,2.4,75.0,180.0,academic_dataset,https://michiganidc.gov/wp-content/uploads/2019/09/Final-RAND-Report-Caseloads-September-2019.pdf,true
TS0054,US-State,Michigan,93-day_misdemeanors,investigation,1,0.1,0.3,2.7,75.0,202.5,academic_dataset,https://michiganidc.gov/wp-content/uploads/2019/09/Final-RAND-Report-Caseloads-September-2019.pdf,true
TS0055,US-State,Michigan,93-day_misdemeanors,investigation,1,0.2,0.3,3.0,75.0,225.0,academic_dataset,https://michiganidc.gov/wp-content/uploads/2019/09/Final-RAND-Report-Caseloads-September-2019.pdf,true
TS0056,US-State,Michigan,93-day_misdemeanors,investigation,1,0.2,0.3,3.2,75.0,240.0,academic_dataset,https://michiganidc.gov/wp-content/uploads/2019/09/Final-RAND-Report-Caseloads-September-2019.pdf,true
TS0057,US-State,Michigan,probation_violations,investigation,1,0.1,0.2,2.3,75.0,172.5,academic_dataset,https://michiganidc.gov/wp-content/uploads/2019/09/Final-RAND-Report-Caseloads-September-2019.pdf,true
TS0058,US-State,Michigan,probation_violations,investigation,1,0.1,0.3,2.6,75.0,195.0,academic_dataset,https://michiganidc.gov/wp-content/uploads/2019/09/Final-RAND-Report-Caseloads-September-2019.pdf,true
TS0059,US-State,Michigan,probation_violations,investigation,1,0.1,0.3,2.9,75.0,217.5,academic_dataset,https://michiganidc.gov/wp-content/uploads/2019/09/Final-RAND-Report-Caseloads-September-2019.pdf,true
TS0060,US-State,Michigan,probation_violations,investigation,1,0.2,0.3,3.2,75.0,240.0,academic_dataset,https://michiganidc.gov/wp-content/uploads/2019/09/Final-RAND-Report-Caseloads-September-2019.pdf,true
TS0061,US-State,Michigan,probation_violations,investigation,1,0.2,0.4,3.5,75.0,262.5,academic_dataset,https://michiganidc.gov/wp-content/uploads/2019/09/Final-RAND-Report-Caseloads-September-2019.pdf,true
TS0062,US-State,Michigan,other_adult_criminal,investigation,1,0.1,0.2,2.5,75.0,187.5,academic_dataset,https://michiganidc.gov/wp-content/uploads/2019/09/Final-RAND-Report-Caseloads-September-2019.pdf,true
TS0063,US-State,Michigan,other_adult_criminal,investigation,1,0.1,0.3,2.8,75.0,210.0,academic_dataset,https://michiganidc.gov/wp-content/uploads/2019/09/Final-RAND-Report-Caseloads-September-2019.pdf,true
TS0064,US-State,Michigan,other_adult_criminal,investigation,1,0.2,0.3,3.1,75.0,232.5,academic_dataset,https://michiganidc.gov/wp-content/uploads/2019/09/Final-RAND-Report-Caseloads-September-2019.pdf,true
TS0065,US-State,Michigan,other_adult_criminal,investigation,1,0.2,0.3,3.4,75.0,255.0,academic_dataset,https://michiganidc.gov/wp-content/uploads/2019/09/Final-RAND-Report-Caseloads-September-2019.pdf,true
TS0066,US-State,Michigan,other_adult_criminal,investigation,1,0.2,0.4,3.7,75.0,277.5,academic_dataset,https://michiganidc.gov/wp-content/uploads/2019/09/Final-RAND-Report-Caseloads-September-2019.pdf,true
TS0067,US-State,DC,appellate,pre-trial,6,1.0,2.6,33,462,15246,billing_survey,https://www.attorneyatwork.com/solo-and-small-firm-lawyer-hourly-rates/,true
TS0068,US-State,Delaware,corporate,pre-trial,11,1.7,4.6,58,423,24534,billing_survey,https://www.attorneyatwork.com/solo-and-small-firm-lawyer-hourly-rates/,true
TS0069,US-State,New York,securities,pre-trial,5,0.8,2.0,25,398,9950,billing_survey,https://www.attorneyatwork.com/solo-and-small-firm-lawyer-hourly-rates/,true
TS0070,US-State,California,intellectual_property,pre-trial,6,1.0,2.6,33,391,12903,billing_survey,https://www.attorneyatwork.com/solo-and-small-firm-lawyer-hourly-rates/,true
TS0071,US-State,Connecticut,general_litigation,pre-trial,9,1.4,3.7,46,384,17664,billing_survey,https://www.attorneyatwork.com/solo-and-small-firm-lawyer-hourly-rates/,true
TS0072,US-State,Virginia,government_contracts,pre-trial,7,1.1,2.9,36,351,12636,billing_survey,https://www.attorneyatwork.com/solo-and-small-firm-lawyer-hourly-rates/,true
TS0073,US-State,Illinois,commercial_litigation,pre-trial,9,1.4,3.7,46,349,16054,billing_survey,https://www.attorneyatwork.com/solo-and-small-firm-lawyer-hourly-rates/,true
TS0074,US-State,New Jersey,employment,pre-trial,6,0.9,2.4,30,348,10440,billing_survey,https://www.attorneyatwork.com/solo-and-small-firm-lawyer-hourly-rates/,true
TS0075,US-State,Texas,energy,pre-trial,6,1.0,2.6,33,345,11385,billing_survey,https://www.attorneyatwork.com/solo-and-small-firm-lawyer-hourly-rates/,true
TS0076,US-State,Maryland,healthcare,pre-trial,6,1.0,2.6,33,344,11352,billing_survey,https://www.attorneyatwork.com/solo-and-small-firm-lawyer-hourly-rates/,true
TS0077,US-State,Georgia,civil_rights,pre-trial,9,1.3,3.6,45,340,15300,billing_survey,https://www.attorneyatwork.com/solo-and-small-firm-lawyer-hourly-rates/,true
TS0078,US-State,Florida,insurance,pre-trial,6,1.0,2.6,33,335,11055,billing_survey,https://www.attorneyatwork.com/solo-and-small-firm-lawyer-hourly-rates/,true
TS0079,US-State,Nevada,gaming,pre-trial,4,0.6,1.6,20,330,6600,billing_survey,https://www.attorneyatwork.com/solo-and-small-firm-lawyer-hourly-rates/,true
TS0080,US-State,Washington,technology,pre-trial,6,0.9,2.5,31,322,9982,billing_survey,https://www.attorneyatwork.com/solo-and-small-firm-lawyer-hourly-rates/,true
TS0081,US-State,Massachusetts,biotech,pre-trial,7,1.1,3.0,38,318,12084,billing_survey,https://www.attorneyatwork.com/solo-and-small-firm-lawyer-hourly-rates/,true
TS0082,US-State,Pennsylvania,workers_compensation,pre-trial,7,1.1,3.0,37,302,11174,billing_survey,https://www.attorneyatwork.com/solo-and-small-firm-lawyer-hourly-rates/,true
TS0083,US-State,Colorado,real_estate,pre-trial,9,1.5,3.9,49,302,14798,billing_survey,https://www.attorneyatwork.com/solo-and-small-firm-lawyer-hourly-rates/,true
TS0084,US-State,Oregon,environmental,pre-trial,9,1.4,3.8,47,296,13912,billing_survey,https://www.attorneyatwork.com/solo-and-small-firm-lawyer-hourly-rates/,true
TS0085,US-State,North Carolina,banking,pre-trial,7,1.1,2.9,36,295,10620,billing_survey,https://www.attorneyatwork.com/solo-and-small-firm-lawyer-hourly-rates/,true
TS0086,US-State,Michigan,automotive,pre-trial,6,1.0,2.6,33,294,9702,billing_survey,https://www.attorneyatwork.com/solo-and-small-firm-lawyer-hourly-rates/,true
TS0087,US-State,Ohio,manufacturing,pre-trial,5,0.8,2.2,28,268,7504,billing_survey,https://www.attorneyatwork.com/solo-and-small-firm-lawyer-hourly-rates/,true
TS0088,US-State,Arizona,immigration,pre-trial,8,1.3,3.4,43,287,12341,billing_survey,https://www.attorneyatwork.com/solo-and-small-firm-lawyer-hourly-rates/,true
TS0089,US-State,Tennessee,healthcare,pre-trial,4,0.6,1.7,21,281,5901,billing_survey,https://www.attorneyatwork.com/solo-and-small-firm-lawyer-hourly-rates/,true
TS0090,US-State,Missouri,agriculture,pre-trial,10,1.5,4.1,51,280,14280,billing_survey,https://www.attorneyatwork.com/solo-and-small-firm-lawyer-hourly-rates/,true
TS0091,US-State,Wisconsin,dairy,pre-trial,10,1.6,4.2,52,278,14456,billing_survey,https://www.attorneyatwork.com/solo-and-small-firm-lawyer-hourly-rates/,true
TS0092,US-State,Indiana,manufacturing,pre-trial,4,0.6,1.6,20,278,5560,billing_survey,https://www.attorneyatwork.com/solo-and-small-firm-lawyer-hourly-rates/,true
TS0093,US-State,Alabama,civil_rights,pre-trial,11,1.8,4.7,59,246,14514,billing_survey,https://www.attorneyatwork.com/solo-and-small-firm-lawyer-hourly-rates/,true
TS0094,US-State,Kentucky,mining,pre-trial,4,0.6,1.6,20,236,4720,billing_survey,https://www.attorneyatwork.com/solo-and-small-firm-lawyer-hourly-rates/,true
TS0095,US-State,West Virginia,energy,pre-trial,5,0.8,2.1,26,195,5070,billing_survey,https://www.attorneyatwork.com/solo-and-small-firm-lawyer-hourly-rates/,true
TS0096,US-State,Montana,natural_resources,pre-trial,7,1.1,3.0,37,234,8658,billing_survey,https://www.attorneyatwork.com/solo-and-small-firm-lawyer-hourly-rates/,true
TS0097,UK,London (City),commercial_litigation,pre-trial,25,5.0,12.0,150.0,546.0,81900.0,court_fee_schedule,https://www.judiciary.uk/wp-content/uploads/2022/09/Senior-Courts-Costs-Office-Guide-1.pdf,true
TS0098,UK,London (Outer),property_litigation,trial,15,3.0,8.0,80.0,398.0,31840.0,court_fee_schedule,https://www.judiciary.uk/wp-content/uploads/2022/09/Senior-Courts-Costs-Office-Guide-1.pdf,true
TS0099,UK,London (Suburban),personal_injury,pre-trial,10,2.0,5.0,45.0,301.0,13545.0,court_fee_schedule,https://www.judiciary.uk/wp-content/uploads/2022/09/Senior-Courts-Costs-Office-Guide-1.pdf,true
TS0100,UK,Birmingham,employment,trial,8,2.0,4.0,35.0,278.0,9730.0,court_fee_schedule,https://www.judiciary.uk/wp-content/uploads/2022/09/Senior-Courts-Costs-Office-Guide-1.pdf,true
TS0101,UK,Manchester,family,pre-trial,6,1.5,3.0,25.0,272.0,6800.0,court_fee_schedule,https://www.judiciary.uk/wp-content/uploads/2022/09/Senior-Courts-Costs-Office-Guide-1.pdf,true
TS0102,UK,London (CAT),competition,appeal,100,20.0,40.0,1200.0,437.0,525423.0,fee_award_decision,"https://www.catribunal.org.uk/sites/cat/files/2025-10/12667716%20%20Walter%20Hugh%20Merricks%20CBE%20v%20Mastercard%20Incorporated%20and%20Others%20-%20Ruling%20(CSAO%20Costs,%20Distribution,%20and%20Form%20of%20Order)%20%2031%20Oct%202025_1.pdf",true
TS0103,UK,London (CAT),competition,appeal,80,5.0,10.0,450.0,400.0,180000.0,fee_award_decision,"https://www.catribunal.org.uk/sites/cat/files/2025-10/12667716%20%20Walter%20Hugh%20Merricks%20CBE%20v%20Mastercard%20Incorporated%20and%20Others%20-%20Ruling%20(CSAO%20Costs,%20Distribution,%20and%20Form%20of%20Order)%20%2031%20Oct%202025_1.pdf",true
TS0104,UK,England & Wales,court_of_protection,investigation,4,1.0,2.0,8.0,272.0,1204.0,court_fee_schedule,https://tmclegal.co.uk/scco-guide-2025-published/,true
TS0105,US-State,California,civil_litigation,pre-trial,5,1.0,2.0,15.0,391.0,5865.0,court_fee_schedule,https://courts.ca.gov/sites/default/files/courts/default/2024-12/statewide-civil-fee-schedule-eff-01012023.pdf,true
TS0106,US-State,Colorado,civil_litigation,appeal,8,2.0,3.0,25.0,302.0,7550.0,court_fee_schedule,https://www.coloradojudicial.gov/self-help/list-fees,true
TS0107,Canada,Ontario,civil_litigation,trial,12,3.0,5.0,40.0,350.0,14000.0,court_fee_schedule,http://www.ontario.ca/page/civil-court-fees,true
TS0108,US-Federal,Eastern District of California,paga,pre-trial,12,8.0,12.0,280.0,350.0,98000.0,fee_award_decision,https://www.govinfo.gov/content/pkg/USCOURTS-caed-1_20-cv-01614/pdf/USCOURTS-caed-1_20-cv-01614-5.pdf,true
TS0109,US-State,New Jersey,employment_discrimination,pre-trial,8,3.0,5.0,45.0,350.0,15750.0,fee_award_decision,https://nj.gov/lps/dcr/downloads/orders/dir-order-JP-v-%20CliffsidePrk-Supp.pdf,true
TS0110,US-District,District of Columbia,housing,trial,6,2.0,3.0,30.0,400.0,12000.0,fee_award_decision,https://dhcd.dc.gov/sites/default/files/dc/sites/dhcd/publication/attachments/RH-TP-09-29-503%20Ebony%20Hardy%20v.%20Louis%20Sigalas%20(Decision)%2007-21-14%20(2).pdf,true
TS0111,US-Federal,Middle District of Pennsylvania,flsa,pre-trial,7,3.0,5.0,85.0,300.0,25500.0,fee_award_decision,https://www.govinfo.gov/content/pkg/USCOURTS-pamd-3_13-cv-01534/pdf/USCOURTS-pamd-3_13-cv-01534-2.pdf,true
TS0112,US-Federal,Southern District of Ohio,civil_rights,pre-trial,9,4.0,6.0,120.0,275.0,33000.0,fee_award_decision,https://www.govinfo.gov/content/pkg/USCOURTS-ohsd-2_21-cv-01916/pdf/USCOURTS-ohsd-2_21-cv-01916-1.pdf,true
TS0113,US-Federal,Northern District of California,civil_rights,appeal,14,6.0,10.0,200.0,450.0,90000.0,fee_award_decision,https://cdn.ca9.uscourts.gov/datastore/opinions/2016/05/23/13-35972.pdf,true
TS0114,US-State,Georgia,property_tax,trial,5,2.0,3.0,20.0,312.5,6437.18,fee_award_decision,https://law.justia.com/cases/georgia/court-of-appeals/2012/a12a0589.html,true
TS0115,US-Federal,Southern District of Texas,flsa,pre-trial,6,3.0,4.0,75.0,300.0,22500.0,fee_award_decision,https://www.govinfo.gov/content/pkg/USCOURTS-txsd-4_08-cv-03121/pdf/USCOURTS-txsd-4_08-cv-03121-2.pdf,true
TS0116,US-Federal,Court of Federal Claims,vaccine_injury,pre-trial,4,1.0,2.0,25.0,350.0,8750.0,court_fee_schedule,https://ecf.cofc.uscourts.gov/cgi-bin/show_public_doc?2017vv0143-102-0,true
TS0117,US-Federal,Southern District of New York,bankruptcy,pre-trial,150,100.0,150.0,5000.0,1800.0,9000000.0,attorney_affidavit,https://restructuring.ra.kroll.com/FTX/ExternalCall-DownloadPDF?id1=MzEyMDA2NA==&id2=0&cid=0,true
TS0118,US-Federal,District of Columbia,civil_rights,investigation,8,2.0,3.0,25.0,400.0,10000.0,fee_award_decision,https://www.govinfo.gov/content/pkg/USCOURTS-mied-2_24-cv-12680/pdf/USCOURTS-mied-2_24-cv-12680-0.pdf,true
TS0119,US-Federal,Northern District of Ohio,civil_rights,pre-trial,10,4.0,6.0,100.0,250.0,25000.0,fee_award_decision,https://clearinghouse-umich-production.s3.amazonaws.com/media/doc/111610.pdf,true
TS0120,US-Federal,Eastern District of Kentucky,civil_rights,trial,15,6.0,10.0,180.0,225.0,40500.0,fee_award_decision,https://clearinghouse-umich-production.s3.amazonaws.com/media/doc/111610.pdf,true
TS0121,US-Federal,Central District of California,ada,pre-trial,12,5.0,8.0,150.0,400.0,60000.0,fee_award_decision,https://dralegal.org/wp-content/uploads/2020/01/cril.mobilityworks.fee_.mot_.all_.files_.pdf,true
TS0122,US-Federal,Eastern District of California,paga,investigation,6,2.0,3.0,40.0,350.0,14000.0,fee_award_decision,https://www.govinfo.gov/content/pkg/USCOURTS-caed-1_20-cv-01614/pdf/USCOURTS-caed-1_20-cv-01614-5.pdf,true
TS0123,US-Federal,Eastern District of California,paga,pre-trial,10,4.0,6.0,100.0,350.0,35000.0,fee_award_decision,https://www.govinfo.gov/content/pkg/USCOURTS-caed-1_20-cv-01614/pdf/USCOURTS-caed-1_20-cv-01614-5.pdf,true
TS0124,US-State,New York,commercial,pre-trial,20,5.0,10.0,80.0,398.0,31840.0,billing_survey,https://www.attorneyatwork.com/solo-and-small-firm-lawyer-hourly-rates/,true
TS0125,US-State,California,intellectual_property,pre-trial,18,4.0,8.0,70.0,391.0,27370.0,billing_survey,https://www.attorneyatwork.com/solo-and-small-firm-lawyer-hourly-rates/,true
TS0126,US-State,Texas,energy,trial,25,8.0,12.0,120.0,345.0,41400.0,billing_survey,https://www.attorneyatwork.com/solo-and-small-firm-lawyer-hourly-rates/,true
TS0127,US-State,Florida,insurance,appeal,10,3.0,5.0,50.0,335.0,16750.0,billing_survey,https://www.attorneyatwork.com/solo-and-small-firm-lawyer-hourly-rates/,true
TS0128,US-State,Illinois,commercial,arbitration,15,4.0,7.0,60.0,349.0,20940.0,billing_survey,https://www.attorneyatwork.com/solo-and-small-firm-lawyer-hourly-rates/,true
TS0129,US-State,Pennsylvania,workers_compensation,pre-trial,8,2.0,3.0,30.0,302.0,9060.0,billing_survey,https://www.attorneyatwork.com/solo-and-small-firm-lawyer-hourly-rates/,true
TS0130,US-State,Ohio,manufacturing,trial,12,3.0,5.0,45.0,268.0,12060.0,billing_survey,https://www.attorneyatwork.com/solo-and-small-firm-lawyer-hourly-rates/,true
TS0131,US-State,Georgia,civil_rights,pre-trial,10,3.0,4.0,35.0,340.0,11900.0,billing_survey,https://www.attorneyatwork.com/solo-and-small-firm-lawyer-hourly-rates/,true
TS0132,US-State,North Carolina,banking,pre-trial,14,3.0,6.0,55.0,295.0,16225.0,billing_survey,https://www.attorneyatwork.com/solo-and-small-firm-lawyer-hourly-rates/,true
TS0133,US-State,Virginia,government_contracts,appeal,16,4.0,7.0,65.0,351.0,22815.0,billing_survey,https://www.attorneyatwork.com/solo-and-small-firm-lawyer-hourly-rates/,true
TS0134,US-State,Massachusetts,biotech,pre-trial,22,5.0,9.0,75.0,318.0,23850.0,billing_survey,https://www.attorneyatwork.com/solo-and-small-firm-lawyer-hourly-rates/,true
TS0135,US-State,Washington,technology,arbitration,18,4.0,8.0,70.0,322.0,22540.0,billing_survey,https://www.attorneyatwork.com/solo-and-small-firm-lawyer-hourly-rates/,true
TS0136,US-State,Arizona,immigration,pre-trial,6,2.0,2.0,20.0,287.0,5740.0,billing_survey,https://www.attorneyatwork.com/solo-and-small-firm-lawyer-hourly-rates/,true
TS0137,US-State,Colorado,real_estate,trial,10,2.0,4.0,35.0,302.0,10570.0,billing_survey,https://www.attorneyatwork.com/solo-and-small-firm-lawyer-hourly-rates/,true
TS0138,US-State,Oregon,environmental,appeal,14,3.0,6.0,50.0,296.0,14800.0,billing_survey,https://www.attorneyatwork.com/solo-and-small-firm-lawyer-hourly-rates/,true
TS0139,US-State,Tennessee,healthcare,pre-trial,9,2.0,3.0,28.0,281.0,7868.0,billing_survey,https://www.attorneyatwork.com/solo-and-small-firm-lawyer-hourly-rates/,true
TS0140,US-State,Missouri,agriculture,trial,8,2.0,3.0,25.0,280.0,7000.0,billing_survey,https://www.attorneyatwork.com/solo-and-small-firm-lawyer-hourly-rates/,true
TS0141,US-State,Wisconsin,dairy,pre-trial,7,1.0,2.0,22.0,278.0,6116.0,billing_survey,https://www.attorneyatwork.com/solo-and-small-firm-lawyer-hourly-rates/,true
TS0142,US-State,Indiana,manufacturing,arbitration,11,2.0,4.0,38.0,278.0,10564.0,billing_survey,https://www.attorneyatwork.com/solo-and-small-firm-lawyer-hourly-rates/,true
TS0143,US-State,Alabama,civil_rights,pre-trial,7,2.0,2.0,20.0,246.0,4920.0,billing_survey,https://www.attorneyatwork.com/solo-and-small-firm-lawyer-hourly-rates/,true
TS0144,US-State,Kentucky,mining,trial,9,2.0,3.0,28.0,236.0,6608.0,billing_survey,https://www.attorneyatwork.com/solo-and-small-firm-lawyer-hourly-rates/,true
TS0145,US-State,West Virginia,energy,appeal,8,2.0,3.0,24.0,195.0,4680.0,billing_survey,https://www.attorneyatwork.com/solo-and-small-firm-lawyer-hourly-rates/,true
TS0146,US-State,Montana,natural_resources,pre-trial,6,1.0,2.0,18.0,234.0,4212.0,billing_survey,https://www.attorneyatwork.com/solo-and-small-firm-lawyer-hourly-rates/,true
TS0147,UK,London (City),financial_services,trial,35,6.0,15.0,200.0,546.0,109200.0,court_fee_schedule,https://www.judiciary.uk/wp-content/uploads/2022/09/Senior-Courts-Costs-Office-Guide-1.pdf,true
TS0148,UK,London (City),commercial,arbitration,30,5.0,12.0,160.0,546.0,87360.0,court_fee_schedule,https://www.judiciary.uk/wp-content/uploads/2022/09/Senior-Courts-Costs-Office-Guide-1.pdf,true
TS0149,UK,London (Outer),property,pre-trial,12,2.0,5.0,60.0,398.0,23880.0,court_fee_schedule,https://www.judiciary.uk/wp-content/uploads/2022/09/Senior-Courts-Costs-Office-Guide-1.pdf,true
TS0150,UK,Bristol,personal_injury,trial,10,2.0,4.0,40.0,278.0,11120.0,court_fee_schedule,https://www.judiciary.uk/wp-content/uploads/2022/09/Senior-Courts-Costs-Office-Guide-1.pdf,true
TS0151,UK,Leeds,employment,pre-trial,7,1.0,3.0,25.0,272.0,6800.0,court_fee_schedule,https://www.judiciary.uk/wp-content/uploads/2022/09/Senior-Courts-Costs-Office-Guide-1.pdf,true
TS0152,Canada,Ontario,family,trial,10,2.0,4.0,35.0,300.0,10500.0,court_fee_schedule,http://www.ontario.ca/page/civil-court-fees,true
TS0153,Canada,Ontario,commercial,appeal,15,3.0,6.0,50.0,350.0,17500.0,court_fee_schedule,http://www.ontario.ca/page/civil-court-fees,true
TS0154,US-State,Michigan,murder_or_manslaughter,trial,20,5.0,8.0,55.0,100.0,5500.0,academic_dataset,https://michiganidc.gov/wp-content/uploads/2019/09/Final-RAND-Report-Caseloads-September-2019.pdf,true
TS0155,US-State,Michigan,murder_or_manslaughter,trial,25,6.0,10.0,75.0,100.0,7500.0,academic_dataset,https://michiganidc.gov/wp-content/uploads/2019/09/Final-RAND-Report-Caseloads-September-2019.pdf,true
TS0156,US-State,Michigan,csc,pre-trial,6,1.0,2.0,18.0,100.0,1800.0,academic_dataset,https://michiganidc.gov/wp-content/uploads/2019/09/Final-RAND-Report-Caseloads-September-2019.pdf,true
TS0157,US-State,Michigan,csc,pre-trial,7,1.0,2.0,22.0,100.0,2200.0,academic_dataset,https://michiganidc.gov/wp-content/uploads/2019/09/Final-RAND-Report-Caseloads-September-2019.pdf,true
TS0158,US-State,Michigan,other_class_a_offenses,pre-trial,6,1.0,2.0,18.0,100.0,1800.0,academic_dataset,https://michiganidc.gov/wp-content/uploads/2019/09/Final-RAND-Report-Caseloads-September-2019.pdf,true
TS0159,US-State,Michigan,other_high-severity_felonies,pre-trial,3,0.0,1.0,8.0,100.0,800.0,academic_dataset,https://michiganidc.gov/wp-content/uploads/2019/09/Final-RAND-Report-Caseloads-September-2019.pdf,true
TS0160,US-State,Michigan,low-severity_felonies,pre-trial,2,0.0,1.0,6.0,75.0,450.0,academic_dataset,https://michiganidc.gov/wp-content/uploads/2019/09/Final-RAND-Report-Caseloads-September-2019.pdf,true
TS0161,US-State,Michigan,one-year_misdemeanors,pre-trial,1,0.0,0.0,3.0,75.0,225.0,academic_dataset,https://michiganidc.gov/wp-content/uploads/2019/09/Final-RAND-Report-Caseloads-September-2019.pdf,true
TS0162,US-State,Michigan,93-day_misdemeanors,investigation,1,0.0,0.0,2.0,75.0,150.0,academic_dataset,https://michiganidc.gov/wp-content/uploads/2019/09/Final-RAND-Report-Caseloads-September-2019.pdf,true
TS0163,US-State,Michigan,probation_violations,investigation,1,0.0,0.0,3.0,75.0,225.0,academic_dataset,https://michiganidc.gov/wp-content/uploads/2019/09/Final-RAND-Report-Caseloads-September-2019.pdf,true
TS0164,US-State,Michigan,other_adult_criminal,investigation,1,0.0,0.0,3.0,75.0,225.0,academic_dataset,https://michiganidc.gov/wp-content/uploads/2019/09/Final-RAND-Report-Caseloads-September-2019.pdf,true
TS0165,US-Federal,District of Columbia,employment_discrimination,pre-trial,12,3.0,5.0,50.0,400.0,20000.0,fee_award_decision,https://tpmlaw.squarespace.com/s/Market-Rates-Evidence-Supporting-the-LSI-Laffey-Matrix-which-Plaintiffs-Submitted-in-DL-v-District-o-fe6e.pdf,true
TS0166,US-Federal,District of Columbia,employment_discrimination,trial,18,5.0,8.0,80.0,400.0,32000.0,fee_award_decision,https://tpmlaw.squarespace.com/s/Market-Rates-Evidence-Supporting-the-LSI-Laffey-Matrix-which-Plaintiffs-Submitted-in-DL-v-District-o-fe6e.pdf,true
TS0167,US-Federal,Northern District of California,securities,investigation,40,10.0,15.0,200.0,600.0,120000.0,attorney_affidavit,https://www.strategicclaims.net/wp-content/uploads/2025/08/Ex.-8-Chart-of-Law-Firm-Billing-Rates-Ptf-and-Def-FS.pdf,true
TS0168,US-Federal,Northern District of California,securities,pre-trial,60,15.0,25.0,350.0,600.0,210000.0,attorney_affidavit,https://www.strategicclaims.net/wp-content/uploads/2025/08/Ex.-8-Chart-of-Law-Firm-Billing-Rates-Ptf-and-Def-FS.pdf,true
TS0169,US-Federal,Southern District of Texas,securities,trial,80,20.0,30.0,450.0,550.0,247500.0,attorney_affidavit,https://www.strategicclaims.net/wp-content/uploads/2025/08/Ex.-8-Chart-of-Law-Firm-Billing-Rates-Ptf-and-Def-FS.pdf,true
TS0170,US-Federal,Southern District of New York,securities,appeal,50,10.0,18.0,280.0,650.0,182000.0,attorney_affidavit,https://www.strategicclaims.net/wp-content/uploads/2025/08/Ex.-8-Chart-of-Law-Firm-Billing-Rates-Ptf-and-Def-FS.pdf,true
TS0171,US-Federal,Eastern District of Texas,patent_litigation,pre-trial,50,15.0,20.0,300.0,500.0,150000.0,fee_award_decision,https://www.txed.uscourts.gov/?q=fee-schedule,true
TS0172,US-Federal,Eastern District of Texas,patent_litigation,trial,70,20.0,30.0,450.0,500.0,225000.0,fee_award_decision,https://www.txed.uscourts.gov/?q=fee-schedule,true
TS0173,US-Federal,Western District of Wisconsin,patent_litigation,appeal,40,10.0,15.0,200.0,450.0,90000.0,fee_award_decision,https://www.finnegan.com/en/insights/articles/exceptional-cases-under-285-could-generate-higher-attorney-fees-in-patent-litigation.html,true
TS0174,US-Federal,District of Delaware,bankruptcy,pre-trial,100,25.0,40.0,600.0,1500.0,900000.0,attorney_affidavit,https://restructuring.ra.kroll.com/FTX/ExternalCall-DownloadPDF?id1=MzEyMDA2NA==&id2=0&cid=0,true
TS0175,US-Federal,Southern District of New York,bankruptcy,trial,120,30.0,45.0,700.0,1600.0,1120000.0,attorney_affidavit,https://restructuring.ra.kroll.com/FTX/ExternalCall-DownloadPDF?id1=MzEyMDA2NA==&id2=0&cid=0,true
TS0176,US-Federal,Central District of California,class_action,investigation,30,8.0,12.0,150.0,400.0,60000.0,fee_award_decision,https://www.classactionsbrief.com/more-money-more-problems-courts-scrutinize-high-attorneys-fees-awards-in-class-action-settlements,true
TS0177,US-Federal,Northern District of California,class_action,pre-trial,45,12.0,18.0,250.0,450.0,112500.0,fee_award_decision,https://www.classactionsbrief.com/more-money-more-problems-courts-scrutinize-high-attorneys-fees-awards-in-class-action-settlements,true
TS0178,US-Federal,Southern District of Texas,class_action,trial,60,15.0,25.0,350.0,500.0,175000.0,fee_award_decision,https://www.classactionsbrief.com/more-money-more-problems-courts-scrutinize-high-attorneys-fees-awards-in-class-action-settlements,true
TS0179,US-Federal,Eastern District of Pennsylvania,flsa,investigation,5,1.0,2.0,20.0,300.0,6000.0,fee_award_decision,https://www.govinfo.gov/content/pkg/USCOURTS-pamd-3_13-cv-01534/pdf/USCOURTS-pamd-3_13-cv-01534-2.pdf,true
TS0180,US-Federal,Eastern District of Pennsylvania,flsa,pre-trial,8,2.0,3.0,40.0,300.0,12000.0,fee_award_decision,https://www.govinfo.gov/content/pkg/USCOURTS-pamd-3_13-cv-01534/pdf/USCOURTS-pamd-3_13-cv-01534-2.pdf,true
TS0181,US-Federal,Northern District of Mississippi,civil_rights,investigation,6,2.0,2.0,25.0,150.0,3750.0,fee_award_decision,https://law.justia.com/cases/federal/district-courts/FSupp/638/62/1490400/,true
TS0182,US-Federal,Northern District of Mississippi,civil_rights,pre-trial,10,3.0,5.0,80.0,150.0,12000.0,fee_award_decision,https://law.justia.com/cases/federal/district-courts/FSupp/638/62/1490400/,true
TS0183,US-Federal,Northern District of Mississippi,civil_rights,appeal,8,3.0,4.0,40.0,150.0,6000.0,fee_award_decision,https://law.justia.com/cases/federal/district-courts/FSupp/638/62/1490400/,true
TS0184,US-State,Georgia,property_tax,investigation,2,0.0,1.0,8.0,312.5,2500.0,fee_award_decision,https://law.justia.com/cases/georgia/court-of-appeals/2012/a12a0589.html,true
TS0185,US-State,Georgia,property_tax,pre-trial,3,1.0,1.0,12.0,312.5,3750.0,fee_award_decision,https://law.justia.com/cases/georgia/court-of-appeals/2012/a12a0589.html,true
TS0186,UK,London (City),competition,investigation,40,8.0,15.0,180.0,546.0,98280.0,fee_award_decision,"https://www.catribunal.org.uk/sites/cat/files/2025-10/12667716%20%20Walter%20Hugh%20Merricks%20CBE%20v%20Mastercard%20Incorporated%20and%20Others%20-%20Ruling%20(CSAO%20Costs,%20Distribution,%20and%20Form%20of%20Order)%20%2031%20Oct%202025_1.pdf",true
TS0187,UK,London (City),competition,pre-trial,60,12.0,20.0,280.0,546.0,152880.0,fee_award_decision,"https://www.catribunal.org.uk/sites/cat/files/2025-10/12667716%20%20Walter%20Hugh%20Merricks%20CBE%20v%20Mastercard%20Incorporated%20and%20Others%20-%20Ruling%20(CSAO%20Costs,%20Distribution,%20and%20Form%20of%20Order)%20%2031%20Oct%202025_1.pdf",true
TS0188,UK,England & Wales,court_of_protection,investigation,3,0.0,1.0,6.0,272.0,1632.0,court_fee_schedule,https://tmclegal.co.uk/scco-guide-2025-published/,true
TS0189,UK,England & Wales,court_of_protection,investigation,5,1.0,2.0,10.0,272.0,2720.0,court_fee_schedule,https://tmclegal.co.uk/scco-guide-2025-published/,true
TS0190,US-State,Michigan,other_adult_criminal,investigation,1,0.0,0.0,3.0,75.0,225.0,academic_dataset,https://michiganidc.gov/wp-content/uploads/2019/09/Final-RAND-Report-Caseloads-September-2019.pdf,true
TS0191,US-State,Michigan,other_high-severity_felonies,pre-trial,3,0.0,1.0,10.0,100.0,1000.0,academic_dataset,https://michiganidc.gov/wp-content/uploads/2019/09/Final-RAND-Report-Caseloads-September-2019.pdf,true
